{"version":2,"languages":{"nodejs-npm":{"specfileHash":"4c3727a012be856498b631145fb01e11","lockfileHash":"3dacb329f4dcaf927187b44e824b435d","guessedImports":["discord-buttons","dotenv","express","node-fetch","mongoose","discord.js"],"guessedImportsHash":"a3040966e740072f062169a91046aff4"},"nodejs-yarn":{"specfileHash":"7c1f924876c5d23af6991f2c4fa7e1c1","lockfileHash":"c435d4da834b32f74c60bc6cc97d88c8","guessedImports":["discord.js","discord-buttons","dotenv","express","mongoose","node-fetch"],"guessedImportsHash":"a3040966e740072f062169a91046aff4"}}}
